{
  "mean": [
    0.38910275593764454,
    0.020426948154999954,
    0.04163077823530819,
    0.10524979369009077,
    16.52123178351516,
    0.31533965235282546,
    2.2812389476834345,
    25.258871326096617,
    0.08748447007826174,
    0.030200596711737446,
    0.028698405945884912,
    0.22066545147862993,
    0.01440541937590119,
    3.2952022743967135,
    0.08962011771000535,
    6.374778953668689,
    0.002675227394328518,
    0.03177391513920769,
    0.03783633049487173,
    6.801425578801317e-06,
    4.534283719200878e-06,
    0.02210916741482348,
    0.0,
    0.0007005468346165356,
    0.0021628533340588185,
    6.801425578801317e-06,
    0.016053631507830707,
    0.00043982552076248513,
    3.3046896900721907,
    3.0655071718466234,
    0.515234467970592,
    48.46141551269146
  ],
  "scale": [
    0.9886319371861882,
    0.14145560414548397,
    0.15409373998701548,
    0.4846116249175549,
    11.440533001957492,
    0.10033387690736337,
    1.5477443798885564,
    24.27918758259666,
    0.2825436914423086,
    0.1711388929207643,
    0.04201029313751229,
    0.7342309075536951,
    0.16281426094291385,
    18.26054985976228,
    1.1076708973517813,
    30.656482477634274,
    0.051653369229189894,
    0.11417532092111209,
    0.1908002688402299,
    0.0026079454211019606,
    0.0021293809333900677,
    0.14703860762021803,
    1.0,
    0.0264585726891697,
    0.04645616643134173,
    0.00260794542110022,
    0.12568179034019838,
    0.020967405043763723,
    0.3831723891549095,
    1.4114129187248108,
    1.3122465929889409,
    42.00984613149442
  ]
}