{
  "mean": [
    0.3900087721474172,
    0.020602143651242872,
    0.04157390414969166,
    0.10533567557937891,
    16.51395538156586,
    0.31529220817762194,
    2.278672406522509,
    25.215127331440595,
    0.08805973178426381,
    0.03054917250912732,
    0.0285952500316993,
    0.22035228402815205,
    0.014326337414223508,
    3.3095440512888743,
    0.09057636842117132,
    6.395657674275959,
    0.0026519396819025412,
    0.031972882482215664,
    0.03764807226986643,
    2.255050749917127e-06,
    6.765152249751381e-06,
    0.022036355928190164,
    0.0,
    0.0007148510877237292,
    0.0021603386184206076,
    4.510101499834254e-06,
    0.016331077530899834,
    0.0004239495409844199,
    3.3043790467451593,
    3.0573374269516975,
    0.5144418139340807,
    48.43308024147083
  ],
  "scale": [
    0.9907548216455586,
    0.1420482148016355,
    0.1538392561744808,
    0.48675523857680364,
    11.416605241574972,
    0.10030438001195666,
    1.55198991611754,
    24.264032571680037,
    0.283381748569465,
    0.17209276733200285,
    0.042005881472688814,
    0.7350261405411839,
    0.1625011075530764,
    18.39362527523119,
    1.1185952331493318,
    30.69156745931781,
    0.05142865833190808,
    0.11483802759498199,
    0.19034362328147017,
    0.0015016809463609289,
    0.0026009818304887156,
    0.14680175389138095,
    1.0,
    0.02672714117989182,
    0.046429210153613794,
    0.002123695166174634,
    0.1267453093321937,
    0.02058566996168896,
    0.3834159087032469,
    1.4197511227834505,
    1.3113726667016938,
    42.070935226014086
  ]
}